Hans1,Müller1,hans@müller.de,10.03.2018,Neuer Kunde und sollte angerufen werden
Hans2,Müller2,hans@müller.de,10.03.2019,Neuer Kunde und sollte angerufen werden
Hans3,Müller3,hans@müller.de,10.03.2020,Neuer Kunde und sollte angerufen werden
Hans4,Müller4,hans@müller.de,10.03.2021,Neuer Kunde und sollte angerufen werden
Hans5,Müller5,hans@müller.de,10.03.2022,Neuer Kunde und sollte angerufen werden
Hans6,Müller6,hans@müller.de,10.03.2023,Neuer Kunde und sollte angerufen werden
Hans7,Müller7,hans@müller.de,10.03.2024,Neuer Kunde und sollte angerufen werden
Hans8,Müller8,hans@müller.de,10.03.2025,Neuer Kunde und sollte angerufen werden
Hans9,Müller9,hans@müller.de,10.03.2026,Neuer Kunde und sollte angerufen werden
Hans10,Müller10,hans@müller.de,10.03.2027,Neuer Kunde und sollte angerufen werden
Hans11,Müller11,hans@müller.de,10.03.2028,Neuer Kunde und sollte angerufen werden
Hans12,Müller12,hans@müller.de,10.03.2029,Neuer Kunde und sollte angerufen werden
Hans13,Müller13,hans@müller.de,10.03.2030,Neuer Kunde und sollte angerufen werden
Hans14,Müller14,hans@müller.de,10.03.2031,Neuer Kunde und sollte angerufen werden
Hans15,Müller15,hans@müller.de,10.03.2032,Neuer Kunde und sollte angerufen werden
Hans16,Müller16,hans@müller.de,10.03.2033,Neuer Kunde und sollte angerufen werden
Hans17,Müller17,hans@müller.de,10.03.2034,Neuer Kunde und sollte angerufen werden
Hans18,Müller18,hans@müller.de,10.03.2035,Neuer Kunde und sollte angerufen werden
Hans19,Müller19,hans@müller.de,10.03.2036,Neuer Kunde und sollte angerufen werden
Hans20,Müller20,hans@müller.de,10.03.2037,Neuer Kunde und sollte angerufen werden
Hans21,Müller21,hans@müller.de,10.03.2038,Neuer Kunde und sollte angerufen werden
Hans22,Müller22,hans@müller.de,10.03.2039,Neuer Kunde und sollte angerufen werden
Hans23,Müller23,hans@müller.de,10.03.2040,Neuer Kunde und sollte angerufen werden
Hans24,Müller24,hans@müller.de,10.03.2041,Neuer Kunde und sollte angerufen werden